date,cases
2021-12-02,49.0
2021-12-03,48.0
2021-12-04,48.0
2021-12-05,48.0
2021-12-06,76.25
2021-12-07,82.5
2021-12-08,77.0
2021-12-09,77.0
2021-12-10,77.0
2021-12-11,77.0
2021-12-12,76.5
2021-12-13,77.0835
2021-12-14,75.875
2021-12-15,75.25
2021-12-16,75.6
2021-12-17,75.6
2021-12-18,75.6
2021-12-19,76.5
2021-12-20,77.75
2021-12-21,75.65
2021-12-22,74.4
2021-12-23,75.65
2021-12-24,75.65
2021-12-25,75.65
2021-12-26,75.65
2021-12-27,80.0
2021-12-28,78.56649999999999
2021-12-29,79.23349999999999
2021-12-30,79.8
2021-12-31,79.8
2022-01-01,79.8
2022-01-02,80.833
2022-01-03,85.8335
2022-01-04,90.95
2022-01-05,93.75
2022-01-06,93.75
2022-01-07,93.75
2022-01-08,94.0
2022-01-09,95.333
2022-01-10,96.15
2022-01-11,95.55
2022-01-12,95.6
2022-01-13,95.8
2022-01-14,95.6
2022-01-15,95.6
2022-01-16,96.0
2022-01-17,96.1
2022-01-18,96.1
2022-01-19,97.1665
2022-01-20,97.1665
2022-01-21,97.333
2022-01-22,97.333
2022-01-23,97.333
2022-01-24,96.333
2022-01-25,96.333
2022-01-26,96.333
2022-01-27,96.333
2022-01-28,96.333
2022-01-29,96.333
2022-01-30,96.0
2022-01-31,93.0
2022-02-01,93.25
2022-02-02,92.667
2022-02-03,92.5
2022-02-04,92.5
2022-02-05,92.5
2022-02-06,91.667
2022-02-07,86.333
2022-02-08,85.5
2022-02-09,85.4165
2022-02-10,85.1
2022-02-11,85.0
2022-02-12,85.0
2022-02-13,81.778
2022-02-14,64.9
2022-02-15,64.5
2022-02-16,64.0
2022-02-17,62.0
2022-02-18,62.0
2022-02-19,62.0
2022-02-20,62.0
2022-02-21,58.5
2022-02-22,57.5665
2022-02-23,54.333
2022-02-24,52.833
2022-02-25,52.833
2022-02-26,52.833
2022-02-27,52.333
2022-02-28,47.8
2022-03-01,43.0
2022-03-02,42.667
2022-03-03,42.667
2022-03-04,41.6
2022-03-05,41.6
2022-03-06,40.9
2022-03-07,37.556
2022-03-08,36.25
2022-03-09,34.5
2022-03-10,30.333
2022-03-11,30.2
2022-03-12,30.2665
2022-03-13,29.575
2022-03-14,26.2665
2022-03-15,26.1665
2022-03-16,25.049999999999997
2022-03-17,25.0
2022-03-18,24.8
2022-03-19,24.8
2022-03-20,24.6
2022-03-21,24.0
2022-03-22,23.0
2022-03-23,22.0
2022-03-24,22.0
2022-03-25,22.0
2022-03-26,22.0
2022-03-27,22.0
2022-03-28,22.0
2022-03-29,21.0
2022-03-30,20.667
2022-03-31,20.3335
2022-04-01,20.0
2022-04-02,20.0
2022-04-03,19.8
2022-04-04,20.0
2022-04-05,20.333
2022-04-06,21.0
2022-04-07,21.1665
2022-04-08,21.0
2022-04-09,21.0
2022-04-10,21.8665
2022-04-11,24.1665
2022-04-12,25.6
2022-04-13,27.0
2022-04-14,29.1665
2022-04-15,29.3665
2022-04-16,29.3665
2022-04-17,30.182000000000002
2022-04-18,32.8335
2022-04-19,33.125
2022-04-20,35.6
2022-04-21,37.0665
2022-04-22,37.9
2022-04-23,37.8
2022-04-24,39.1
2022-04-25,40.0
2022-04-26,41.45
2022-04-27,43.466499999999996
2022-04-28,43.466499999999996
2022-04-29,45.0
2022-04-30,44.6
2022-05-01,45.5
2022-05-02,48.7335
2022-05-03,49.0
2022-05-04,51.5
2022-05-05,51.8
2022-05-06,52.0
2022-05-07,52.0
2022-05-08,53.333
2022-05-09,55.333
2022-05-10,57.333
2022-05-11,57.333
2022-05-12,60.667
2022-05-13,61.0
2022-05-14,61.0
2022-05-15,61.667
2022-05-16,65.0
2022-05-17,66.0
2022-05-18,67.5
2022-05-19,67.8335
2022-05-20,68.2
2022-05-21,68.2
2022-05-22,69.2
2022-05-23,70.0
2022-05-24,72.6
2022-05-25,73.0
2022-05-26,73.333
2022-05-27,73.333
2022-05-28,73.333
2022-05-29,73.1665
2022-05-30,73.333
2022-05-31,74.25
2022-06-01,74.8335
2022-06-02,75.30000000000001
2022-06-03,75.1
2022-06-04,75.1
2022-06-05,75.1
2022-06-06,73.2915
2022-06-07,73.757
2022-06-08,73.732
2022-06-09,73.675
2022-06-10,73.6
2022-06-11,73.75
2022-06-12,73.8
2022-06-13,75.0
2022-06-14,75.9
2022-06-15,76.3665
2022-06-16,75.9445
2022-06-17,75.4445
2022-06-18,75.4445
2022-06-19,76.333
2022-06-20,76.4665
2022-06-21,77.1665
2022-06-22,77.333
2022-06-23,76.575
2022-06-24,76.3665
2022-06-25,76.3665
2022-06-26,76.8
2022-06-27,77.268
2022-06-28,78.6515
2022-06-29,77.9
2022-06-30,77.8
2022-07-01,77.8
2022-07-02,77.8
2022-07-03,77.75
2022-07-04,77.8
2022-07-05,77.714
2022-07-06,77.714
2022-07-07,78.333
2022-07-08,79.0
2022-07-09,79.0
2022-07-10,80.0
2022-07-11,80.8
2022-07-12,79.7085
2022-07-13,80.4
2022-07-14,80.4
2022-07-15,80.30000000000001
2022-07-16,80.30000000000001
2022-07-17,79.619
2022-07-18,79.452
2022-07-19,79.26650000000001
2022-07-20,78.4145
2022-07-21,78.0
2022-07-22,78.0
2022-07-23,78.0
2022-07-24,78.4
2022-07-25,78.4
2022-07-26,79.0
2022-07-27,79.4
2022-07-28,81.1665
2022-07-29,81.1665
2022-07-30,80.7145
2022-07-31,80.31450000000001
2022-08-01,82.0
2022-08-02,81.943
2022-08-03,82.0
2022-08-04,82.56049999999999
2022-08-05,82.0
2022-08-06,82.0
2022-08-07,82.8
2022-08-08,82.1
2022-08-09,82.2
2022-08-10,82.1
2022-08-11,82.6
2022-08-12,82.4
2022-08-13,82.455
2022-08-14,82.6
2022-08-15,80.795
2022-08-16,80.667
2022-08-17,80.45
2022-08-18,79.6335
2022-08-19,79.667
2022-08-20,79.667
2022-08-21,79.73349999999999
2022-08-22,77.8
2022-08-23,76.8335
2022-08-24,76.615
2022-08-25,76.538
2022-08-26,77.4
2022-08-27,76.667
2022-08-28,75.75
2022-08-29,75.3095
2022-08-30,74.9375
2022-08-31,75.26650000000001
2022-09-01,74.286
2022-09-02,74.1965
2022-09-03,74.4585
2022-09-04,74.125
2022-09-05,72.93350000000001
2022-09-06,72.0
2022-09-07,70.75
2022-09-08,70.75
2022-09-09,70.15
2022-09-10,70.15
2022-09-11,69.9
2022-09-12,68.8
2022-09-13,67.6
2022-09-14,66.7085
2022-09-15,65.8075
2022-09-16,65.5145
2022-09-17,65.60749999999999
2022-09-18,65.8075
2022-09-19,63.0
2022-09-20,61.429
2022-09-21,61.2
2022-09-22,61.5
2022-09-23,61.167
2022-09-24,61.167
2022-09-25,60.6
2022-09-26,58.667
2022-09-27,57.7
2022-09-28,57.8
2022-09-29,56.4
2022-09-30,56.2
2022-10-01,56.7
2022-10-02,56.7
2022-10-03,55.944500000000005
2022-10-04,55.6335
2022-10-05,54.8
2022-10-06,54.8
2022-10-07,54.4
2022-10-08,54.2415
2022-10-09,53.8725
2022-10-10,55.2275
2022-10-11,52.2
2022-10-12,51.5
2022-10-13,51.5
2022-10-14,52.8
2022-10-15,52.8
2022-10-16,51.6
2022-10-17,52.8
2022-10-18,51.6505
2022-10-19,54.0
2022-10-20,54.5
2022-10-21,54.5
2022-10-22,54.6
2022-10-23,54.6
2022-10-24,55.55
2022-10-25,55.7
2022-10-26,56.35
2022-10-27,56.3335
2022-10-28,56.7335
2022-10-29,56.3335
2022-10-30,56.7335
2022-10-31,58.0
2022-11-01,58.0
2022-11-02,59.4
2022-11-03,61.7
2022-11-04,62.0
2022-11-05,62.0
2022-11-06,61.4
2022-11-07,60.2
2022-11-08,60.2
2022-11-09,60.0
2022-11-10,60.667
2022-11-11,60.667
2022-11-12,60.667
2022-11-13,60.6
2022-11-14,60.2
2022-11-15,59.857
2022-11-16,59.714
2022-11-17,59.833
2022-11-18,59.8
2022-11-19,59.8
2022-11-20,60.2
2022-11-21,61.8
2022-11-22,62.8335
2022-11-23,62.933499999999995
2022-11-24,63.800000000000004
2022-11-25,64.4
2022-11-26,64.4
2022-11-27,64.833
2022-11-28,67.55
2022-11-29,68.5145
2022-11-30,70.625
2022-12-01,71.0
2022-12-02,71.875
2022-12-03,71.625
2022-12-04,71.875
2022-12-05,73.0
2022-12-06,73.1
2022-12-07,75.9165
2022-12-08,76.325
2022-12-09,78.2
2022-12-10,78.2
2022-12-11,77.6665
2022-12-12,78.6425
2022-12-13,78.6425
2022-12-14,77.375
2022-12-15,77.0
2022-12-16,77.333
2022-12-17,78.0
2022-12-18,78.0
2022-12-19,79.0
2022-12-20,79.0
2022-12-21,79.0715
2022-12-22,79.2
2022-12-23,79.4
2022-12-24,79.4
2022-12-25,79.4
2022-12-26,79.286
2022-12-27,78.85
2022-12-28,81.25
2022-12-29,79.4
2022-12-30,79.4
2022-12-31,80.8
2023-01-01,80.8
2023-01-02,79.3665
2023-01-03,79.26650000000001
2023-01-04,78.6
2023-01-05,78.2
2023-01-06,78.571
2023-01-07,78.17150000000001
2023-01-08,78.2
2023-01-09,74.667
2023-01-10,74.714
2023-01-11,73.75
2023-01-12,71.75
2023-01-13,70.675
2023-01-14,70.55
2023-01-15,70.55
2023-01-16,68.6
2023-01-17,68.6
2023-01-18,68.3665
2023-01-19,69.1
2023-01-20,69.1
2023-01-21,69.1
2023-01-22,68.6
2023-01-23,68.333
2023-01-24,69.1965
2023-01-25,68.125
2023-01-26,68.25
2023-01-27,68.714
2023-01-28,68.714
2023-01-29,67.857
2023-01-30,67.7285
2023-01-31,67.4665
2023-02-01,68.543
2023-02-02,68.9
2023-02-03,68.2
2023-02-04,68.2
2023-02-05,68.9
2023-02-06,68.286
2023-02-07,68.6
2023-02-08,68.667
2023-02-09,68.25
2023-02-10,68.4585
2023-02-11,68.17150000000001
2023-02-12,67.9
2023-02-13,69.5
2023-02-14,69.6
2023-02-15,68.8
2023-02-16,68.4665
2023-02-17,68.4665
2023-02-18,68.333
2023-02-19,68.1665
2023-02-20,69.667
2023-02-21,68.8
2023-02-22,69.667
2023-02-23,69.9285
2023-02-24,70.0
2023-02-25,69.857
2023-02-26,69.857
2023-02-27,69.8
2023-02-28,69.2
2023-03-01,68.8
2023-03-02,68.429
2023-03-03,67.667
2023-03-04,67.6
2023-03-05,67.5
2023-03-06,66.2
2023-03-07,65.0
2023-03-08,64.5335
2023-03-09,64.73349999999999
2023-03-10,64.5335
2023-03-11,64.5335
2023-03-12,65.01
2023-03-13,63.909
2023-03-14,62.8
2023-03-15,62.667
2023-03-16,63.2
2023-03-17,63.1715
2023-03-18,62.9715
2023-03-19,63.0
2023-03-20,62.1
2023-03-21,61.675
2023-03-22,61.5
2023-03-23,61.9
2023-03-24,61.0
2023-03-25,61.0
2023-03-26,59.25
2023-03-27,59.25
2023-03-28,59.0
2023-03-29,59.3
2023-03-30,59.1
2023-03-31,59.0
2023-04-01,58.8
2023-04-02,58.2
2023-04-03,56.667
2023-04-04,56.0
2023-04-05,54.333
2023-04-06,53.857
2023-04-07,53.857
2023-04-08,53.548
2023-04-09,52.400000000000006
2023-04-10,51.333
2023-04-11,50.381
2023-04-12,49.548
2023-04-13,49.429
2023-04-14,49.2
2023-04-15,48.6
2023-04-16,48.4
2023-04-17,46.6
2023-04-18,47.429
2023-04-19,45.2665
2023-04-20,45.5145
2023-04-21,45.2665
2023-04-22,45.2665
2023-04-23,44.833
2023-04-24,42.6
2023-04-25,43.0
2023-04-26,42.3
2023-04-27,42.4
2023-04-28,41.333
2023-04-29,41.4
2023-04-30,41.333
2023-05-01,41.0
2023-05-02,40.3145
2023-05-03,38.568
2023-05-04,38.333
2023-05-05,38.333
2023-05-06,38.333
2023-05-07,38.333
2023-05-08,37.091
2023-05-09,36.6
2023-05-10,37.0
2023-05-11,37.2
2023-05-12,37.0
2023-05-13,37.0
2023-05-14,36.8
2023-05-15,35.2665
2023-05-16,35.4
2023-05-17,34.5
2023-05-18,34.0
2023-05-19,35.0
2023-05-20,35.2
2023-05-21,34.333
2023-05-22,33.4
2023-05-23,33.4
2023-05-24,32.286
2023-05-25,32.0
2023-05-26,31.9
2023-05-27,32.0
2023-05-28,31.8
2023-05-29,30.2
2023-05-30,29.3665
2023-05-31,28.4645
2023-06-01,28.0
2023-06-02,27.8
2023-06-03,27.65
2023-06-04,26.325
2023-06-05,25.4
2023-06-06,25.25
2023-06-07,24.9285
2023-06-08,25.0
2023-06-09,24.5
2023-06-10,23.75
2023-06-11,24.5
2023-06-12,23.0
2023-06-13,23.125
2023-06-14,22.6
2023-06-15,22.143
2023-06-16,22.0715
2023-06-17,22.143
2023-06-18,22.0
2023-06-19,21.8
2023-06-20,21.7335
2023-06-21,21.2715
2023-06-22,21.0715
2023-06-23,21.325
2023-06-24,21.5
2023-06-25,21.6335
2023-06-26,22.0715
2023-06-27,22.235500000000002
2023-06-28,21.4165
2023-06-29,21.225
2023-06-30,21.25
2023-07-01,21.333
2023-07-02,21.333
2023-07-03,21.25
2023-07-04,21.8
2023-07-05,21.5
2023-07-06,22.75
2023-07-07,23.3665
2023-07-08,23.3665
2023-07-09,23.5335
2023-07-10,23.714
2023-07-11,23.784
2023-07-12,24.282
2023-07-13,24.2
2023-07-14,24.5
2023-07-15,24.636
2023-07-16,24.5
2023-07-17,24.756999999999998
2023-07-18,25.1665
2023-07-19,26.0
2023-07-20,27.2665
2023-07-21,28.1425
2023-07-22,28.1425
2023-07-23,29.35
2023-07-24,29.6335
2023-07-25,30.2
2023-07-26,32.0
2023-07-27,32.4165
2023-07-28,32.5
2023-07-29,32.393
2023-07-30,32.657
2023-07-31,33.2
2023-08-01,34.381
2023-08-02,36.278
2023-08-03,36.875
2023-08-04,37.8
2023-08-05,37.8
2023-08-06,37.4
2023-08-07,39.2915
2023-08-08,39.8
2023-08-09,41.167
2023-08-10,42.3
2023-08-11,43.607
2023-08-12,43.607
2023-08-13,44.0
2023-08-14,47.1665
2023-08-15,49.286
2023-08-16,50.667
2023-08-17,51.5
2023-08-18,52.667
2023-08-19,52.667
2023-08-20,53.55
2023-08-21,55.6335
2023-08-22,56.9
2023-08-23,58.333
2023-08-24,58.333
2023-08-25,58.667
2023-08-26,58.667
2023-08-27,58.714
2023-08-28,61.0
2023-08-29,60.5
2023-08-30,60.25
2023-08-31,60.875
2023-09-01,60.775
2023-09-02,60.9
2023-09-03,61.143
2023-09-04,61.0
2023-09-05,62.0
2023-09-06,62.0
2023-09-07,62.75
2023-09-08,63.4165
2023-09-09,63.8
2023-09-10,63.55
2023-09-11,63.857
2023-09-12,64.6
2023-09-13,65.0
2023-09-14,65.0
2023-09-15,65.1665
2023-09-16,65.0
2023-09-17,64.0
2023-09-18,63.333
2023-09-19,63.714
2023-09-20,63.857
2023-09-21,64.0715
2023-09-22,64.2
2023-09-23,64.1
2023-09-24,64.8
2023-09-25,64.3
2023-09-26,63.2
2023-09-27,63.3665
2023-09-28,62.8
2023-09-29,62.1
2023-09-30,62.0835
2023-10-01,62.619
2023-10-02,61.0715
2023-10-03,60.0
2023-10-04,58.675
2023-10-05,59.0
2023-10-06,58.857
2023-10-07,58.857
2023-10-08,58.6
2023-10-09,56.625
2023-10-10,54.3
2023-10-11,53.286
2023-10-12,53.0
2023-10-13,52.9285
2023-10-14,52.452
2023-10-15,52.143
2023-10-16,49.4855
2023-10-17,49.667
2023-10-18,49.286
2023-10-19,49.043
2023-10-20,48.7
2023-10-21,48.3
2023-10-22,48.357
2023-10-23,48.6855
2023-10-24,48.7
2023-10-25,48.9165
2023-10-26,49.333
2023-10-27,50.143
2023-10-28,50.143
2023-10-29,50.143
2023-10-30,49.5
2023-10-31,49.571
2023-11-01,52.0
2023-11-02,51.667
2023-11-03,51.667
2023-11-04,51.5835
2023-11-05,51.667
2023-11-06,51.667
2023-11-07,52.2
2023-11-08,53.143
2023-11-09,54.429
2023-11-10,54.5145
2023-11-11,54.6335
2023-11-12,54.9285
2023-11-13,55.0
2023-11-14,55.595
2023-11-15,56.4
2023-11-16,57.167
2023-11-17,57.2
2023-11-18,57.2
2023-11-19,56.857
2023-11-20,57.286
2023-11-21,57.667
2023-11-22,58.45
2023-11-23,58.5
2023-11-24,59.833
2023-11-25,60.143
2023-11-26,61.8
2023-11-27,63.0
2023-11-28,64.667
2023-11-29,65.667
2023-11-30,67.167
2023-12-01,67.333
2023-12-02,67.5
2023-12-03,67.333
2023-12-04,68.0
2023-12-05,69.7085
2023-12-06,71.3215
2023-12-07,73.0
2023-12-08,73.714
2023-12-09,74.0
2023-12-10,74.0
2023-12-11,74.75
2023-12-12,74.8035
2023-12-13,73.7145
2023-12-14,73.4145
2023-12-15,74.2145
2023-12-16,74.2145
2023-12-17,75.2
2023-12-18,75.143
2023-12-19,76.0
2023-12-20,76.333
2023-12-21,76.657
2023-12-22,77.1
2023-12-23,77.1
2023-12-24,77.26650000000001
2023-12-25,78.0
2023-12-26,79.6
2023-12-27,79.9
2023-12-28,81.5
2023-12-29,82.333
2023-12-30,82.3665
2023-12-31,82.3665
2024-01-01,83.0
2024-01-02,84.2915
2024-01-03,85.2915
2024-01-04,85.833
2024-01-05,86.143
2024-01-06,86.143
2024-01-07,86.6
2024-01-08,86.1665
2024-01-09,85.333
2024-01-10,84.6785
2024-01-11,84.5835
2024-01-12,85.0
2024-01-13,85.0
2024-01-14,83.8
2024-01-15,82.73349999999999
2024-01-16,81.0
2024-01-17,80.75
2024-01-18,79.75
2024-01-19,80.25
2024-01-20,80.25
2024-01-21,79.6
2024-01-22,77.667
2024-01-23,76.75
2024-01-24,76.1
2024-01-25,75.52799999999999
2024-01-26,75.45
2024-01-27,75.45
2024-01-28,75.0
2024-01-29,73.5
2024-01-30,73.4
2024-01-31,72.4
2024-02-01,72.4
2024-02-02,71.429
2024-02-03,71.429
2024-02-04,71.429
2024-02-05,71.2
2024-02-06,71.2
2024-02-07,71.2
2024-02-08,71.2
2024-02-09,71.43350000000001
2024-02-10,71.667
2024-02-11,71.6335
2024-02-12,71.8
2024-02-13,71.757
2024-02-14,71.8
2024-02-15,71.73349999999999
2024-02-16,71.9
2024-02-17,72.0
2024-02-18,71.6905
2024-02-19,70.9285
2024-02-20,69.25
2024-02-21,69.3095
2024-02-22,69.4665
2024-02-23,69.8
2024-02-24,69.8
2024-02-25,69.0
2024-02-26,68.714
2024-02-27,68.0
2024-02-28,67.30000000000001
2024-02-29,66.0
2024-03-01,65.857
2024-03-02,65.857
2024-03-03,65.0
2024-03-04,63.0
2024-03-05,62.0
2024-03-06,61.333
2024-03-07,60.571
2024-03-08,59.7
2024-03-09,59.7
2024-03-10,59.4
2024-03-11,57.0
2024-03-12,54.667
2024-03-13,52.667
2024-03-14,51.417
2024-03-15,51.0
2024-03-16,51.0
2024-03-17,49.8
2024-03-18,48.333
2024-03-19,46.3665
2024-03-20,44.25
2024-03-21,43.8
2024-03-22,42.4
2024-03-23,42.4
2024-03-24,42.2
2024-03-25,40.8
2024-03-26,40.1715
2024-03-27,40.0
2024-03-28,39.0
2024-03-29,38.6
2024-03-30,38.4
2024-03-31,38.6
2024-04-01,37.6
2024-04-02,37.0
2024-04-03,37.4
2024-04-04,36.9
2024-04-05,37.0
2024-04-06,36.857
2024-04-07,36.8285
2024-04-08,35.9
2024-04-09,34.8
2024-04-10,34.556
2024-04-11,34.2
2024-04-12,34.1
2024-04-13,34.0
2024-04-14,33.5
2024-04-15,32.25
2024-04-16,32.0
2024-04-17,30.857
2024-04-18,30.6
2024-04-19,30.4
2024-04-20,30.4
2024-04-21,30.0
2024-04-22,29.155
2024-04-23,27.8285
2024-04-24,26.548000000000002
2024-04-25,26.2
2024-04-26,26.286
2024-04-27,26.2
2024-04-28,26.667
2024-04-29,25.243000000000002
2024-04-30,24.429
2024-05-01,24.548000000000002
2024-05-02,24.2715
2024-05-03,24.143
2024-05-04,24.0
2024-05-05,23.8
2024-05-06,23.3095
2024-05-07,23.3095
2024-05-08,23.714
2024-05-09,24.0
2024-05-10,24.0
2024-05-11,24.0
2024-05-12,24.2
2024-05-13,23.5
2024-05-14,24.3665
2024-05-15,24.6
2024-05-16,25.2
2024-05-17,25.333
2024-05-18,25.333
2024-05-19,25.6
2024-05-20,25.6
2024-05-21,26.2
2024-05-22,26.2
2024-05-23,26.5835
2024-05-24,26.8
2024-05-25,26.8
2024-05-26,27.0
2024-05-27,26.667
2024-05-28,27.585500000000003
2024-05-29,29.0
2024-05-30,29.286
2024-05-31,30.0
2024-06-01,30.0
2024-06-02,30.333
2024-06-03,29.714
2024-06-04,31.0
2024-06-05,31.8
2024-06-06,32.4
2024-06-07,32.5
2024-06-08,32.5
2024-06-09,32.25
2024-06-10,33.0
2024-06-11,32.857
2024-06-12,34.571
2024-06-13,35.0
2024-06-14,35.414500000000004
2024-06-15,35.414500000000004
2024-06-16,35.667
2024-06-17,36.4
2024-06-18,36.4
2024-06-19,37.0
2024-06-20,38.0
2024-06-21,38.8
2024-06-22,39.0
2024-06-23,39.0
2024-06-24,39.4165
2024-06-25,42.714
2024-06-26,44.25
2024-06-27,45.667
2024-06-28,46.6
2024-06-29,46.6
2024-06-30,47.5
2024-07-01,48.4
2024-07-02,49.714
2024-07-03,52.125
2024-07-04,52.4
2024-07-05,53.0
2024-07-06,53.0
2024-07-07,53.0
2024-07-08,54.2
2024-07-09,55.667
2024-07-10,57.6335
2024-07-11,59.0
2024-07-12,60.1665
2024-07-13,60.1665
2024-07-14,60.6905
2024-07-15,62.4855
2024-07-16,63.5
2024-07-17,65.55
2024-07-18,66.225
2024-07-19,66.2915
2024-07-20,66.225
2024-07-21,66.1
2024-07-22,66.333
2024-07-23,67.25
2024-07-24,68.0
2024-07-25,69.0
2024-07-26,69.35
2024-07-27,69.481
2024-07-28,69.923
2024-07-29,71.2
2024-07-30,72.2
2024-07-31,73.2
2024-08-01,73.8
2024-08-02,74.4
2024-08-03,74.4
2024-08-04,74.9
2024-08-05,74.6335
2024-08-06,75.45
2024-08-07,76.6
2024-08-08,77.8
2024-08-09,77.8
2024-08-10,77.8
2024-08-11,77.3665
2024-08-12,77.4
2024-08-13,77.657
2024-08-14,77.8
2024-08-15,79.0
2024-08-16,79.0
2024-08-17,79.0
2024-08-18,79.0
2024-08-19,78.82849999999999
2024-08-20,78.6
2024-08-21,78.6
2024-08-22,78.5
2024-08-23,78.333
2024-08-24,78.333
2024-08-25,78.225
2024-08-26,77.714
2024-08-27,77.8
2024-08-28,78.25
2024-08-29,78.4
2024-08-30,78.286
2024-08-31,78.286
2024-09-01,78.0
2024-09-02,77.6
2024-09-03,77.4
2024-09-04,76.757
2024-09-05,76.8
2024-09-06,76.73349999999999
2024-09-07,76.73349999999999
2024-09-08,76.393
2024-09-09,75.82849999999999
2024-09-10,75.8
2024-09-11,75.6905
2024-09-12,75.429
2024-09-13,75.31450000000001
2024-09-14,75.31450000000001
2024-09-15,75.2
2024-09-16,73.429
2024-09-17,72.429
2024-09-18,72.0
2024-09-19,72.0
2024-09-20,72.0
2024-09-21,72.0
2024-09-22,72.0
2024-09-23,68.6335
2024-09-24,67.8
2024-09-25,65.8
2024-09-26,64.45
2024-09-27,63.7
2024-09-28,63.6
2024-09-29,63.0
2024-09-30,60.429
2024-10-01,56.9
2024-10-02,55.0
2024-10-03,54.5
2024-10-04,54.0715
2024-10-05,54.0
2024-10-06,52.211
2024-10-07,49.0
2024-10-08,46.667
2024-10-09,45.0
2024-10-10,44.667
2024-10-11,44.667
2024-10-12,44.667
2024-10-13,44.0
2024-10-14,41.4
2024-10-15,39.6
2024-10-16,38.8
2024-10-17,38.6
2024-10-18,38.571
2024-10-19,38.5
2024-10-20,38.2
2024-10-21,36.5
2024-10-22,36.5
2024-10-23,36.6335
2024-10-24,35.333
2024-10-25,34.7
2024-10-26,34.7
2024-10-27,34.7
2024-10-28,34.5
2024-10-29,33.9
2024-10-30,33.8
2024-10-31,33.2
2024-11-01,33.143
2024-11-02,33.143
2024-11-03,32.6
2024-11-04,32.0
2024-11-05,31.8
2024-11-06,31.2
2024-11-07,30.8
2024-11-08,31.2
2024-11-09,31.2
2024-11-10,30.9
2024-11-11,30.5355
2024-11-12,30.6
2024-11-13,32.0
2024-11-14,32.0
2024-11-15,31.143
2024-11-16,31.143
2024-11-17,31.0
2024-11-18,30.8
2024-11-19,31.333
2024-11-20,32.0715
2024-11-21,31.333
2024-11-22,31.0
2024-11-23,31.0
2024-11-24,31.0
2024-11-25,31.4
2024-11-26,31.6
2024-11-27,31.4
2024-11-28,31.4
2024-11-29,31.4
2024-11-30,31.667
2024-12-01,32.667
2024-12-02,34.2
2024-12-03,35.8
2024-12-04,37.0
2024-12-05,38.667
2024-12-06,39.0
2024-12-07,39.0
2024-12-08,40.143
2024-12-09,42.0
2024-12-10,44.5
2024-12-11,45.2915
2024-12-12,46.0
2024-12-13,46.667
2024-12-14,46.667
2024-12-15,47.4335
2024-12-16,49.333
2024-12-17,50.1
2024-12-18,52.2
2024-12-19,52.8
2024-12-20,53.333
2024-12-21,53.333
2024-12-22,53.4
2024-12-23,54.675
2024-12-24,55.1
2024-12-25,55.45
2024-12-26,57.1
2024-12-27,57.65
2024-12-28,57.65
2024-12-29,58.5
2024-12-30,59.25
2024-12-31,59.667
2025-01-01,61.5
2025-01-02,63.7085
2025-01-03,64.5
2025-01-04,64.5
2025-01-05,65.0
2025-01-06,65.0
2025-01-07,64.5
2025-01-08,65.0
2025-01-09,65.0
2025-01-10,65.0
2025-01-11,65.0
2025-01-12,65.0
2025-01-13,64.5
2025-01-14,63.8
2025-01-15,63.0
2025-01-16,62.45
2025-01-17,62.1
2025-01-18,62.1
2025-01-19,62.325
2025-01-20,62.325
2025-01-21,62.6
2025-01-22,62.3665
2025-01-23,61.5
2025-01-24,61.5
2025-01-25,61.5
2025-01-26,61.75
2025-01-27,60.25
2025-01-28,60.0
2025-01-29,60.8335
2025-01-30,60.425
2025-01-31,60.4
2025-02-01,60.4
2025-02-02,60.4
2025-02-03,59.8
2025-02-04,59.757
2025-02-05,60.0
2025-02-06,60.0
2025-02-07,59.6
2025-02-08,59.6
2025-02-09,59.4
2025-02-10,57.8
2025-02-11,58.0
2025-02-12,57.8285
2025-02-13,57.667
2025-02-14,57.25
2025-02-15,57.2
2025-02-16,57.2
2025-02-17,56.8
2025-02-18,55.571
2025-02-19,55.2
2025-02-20,55.0
2025-02-21,54.1
2025-02-22,54.1
2025-02-23,54.25
2025-02-24,54.2
2025-02-25,53.0
2025-02-26,52.75
2025-02-27,52.333
2025-02-28,51.7
2025-03-01,51.4165
2025-03-02,51.0
2025-03-03,49.0
2025-03-04,48.6
2025-03-05,47.9
2025-03-06,47.8
2025-03-07,47.833
2025-03-08,47.9165
2025-03-09,48.1715
2025-03-10,46.8
2025-03-11,46.2915
2025-03-12,46.225
2025-03-13,46.286
2025-03-14,46.2
2025-03-15,46.2
2025-03-16,46.1
2025-03-17,45.5275
2025-03-18,45.4
2025-03-19,45.572500000000005
2025-03-20,45.6
2025-03-21,45.545
2025-03-22,45.429
2025-03-23,44.333
2025-03-24,43.6
2025-03-25,43.4
2025-03-26,43.4
2025-03-27,43.55
2025-03-28,43.4
2025-03-29,43.4
2025-03-30,42.8
2025-03-31,41.675
2025-04-01,40.571
2025-04-02,40.8
2025-04-03,40.8
2025-04-04,40.5
2025-04-05,40.5
2025-04-06,40.571
2025-04-07,38.8
2025-04-08,38.4
2025-04-09,38.0
2025-04-10,38.0
2025-04-11,37.775
2025-04-12,37.8
2025-04-13,37.4
2025-04-14,36.5
2025-04-15,36.343
2025-04-16,37.0835
2025-04-17,36.9
2025-04-18,36.4
2025-04-19,36.45
2025-04-20,36.0
2025-04-21,34.8
2025-04-22,34.2
2025-04-23,34.7085
2025-04-24,34.0
2025-04-25,34.0
2025-04-26,34.0
2025-04-27,33.4
2025-04-28,32.8
2025-04-29,32.0
2025-04-30,31.667
2025-05-01,32.0
2025-05-02,32.0
2025-05-03,32.0
2025-05-04,32.0
2025-05-05,30.667
2025-05-06,30.0
2025-05-07,29.268
2025-05-08,29.0
2025-05-09,28.5
2025-05-10,28.429
2025-05-11,28.2
2025-05-12,27.2
2025-05-13,26.9285
2025-05-14,26.6905
2025-05-15,26.667
2025-05-16,26.4
2025-05-17,26.4
2025-05-18,26.0
2025-05-19,25.2
2025-05-20,24.286
2025-05-21,23.8
2025-05-22,24.243000000000002
2025-05-23,24.243000000000002
2025-05-24,24.1
2025-05-25,24.343
2025-05-26,23.667
2025-05-27,24.5
2025-05-28,24.8
2025-05-29,25.0
2025-05-30,24.5835
2025-05-31,24.7085
2025-06-01,24.0
2025-06-02,24.5
2025-06-03,24.5
2025-06-04,24.7335
2025-06-05,25.0
2025-06-06,24.9285
2025-06-07,24.8285
2025-06-08,24.667
2025-06-09,24.333
2025-06-10,24.2
2025-06-11,23.667
2025-06-12,24.2915
2025-06-13,24.0
2025-06-14,24.0
2025-06-15,23.816499999999998
2025-06-16,23.6
2025-06-17,23.571
2025-06-18,23.775
2025-06-19,24.0
2025-06-20,23.9375
2025-06-21,23.9375
2025-06-22,23.667
2025-06-23,23.6
2025-06-24,23.75
2025-06-25,23.143
2025-06-26,23.5355
2025-06-27,23.75
2025-06-28,23.75
2025-06-29,23.55
2025-06-30,22.55
2025-07-01,22.5
2025-07-02,23.0
2025-07-03,23.6
2025-07-04,23.6335
2025-07-05,23.6
2025-07-06,24.238
2025-07-07,24.333
2025-07-08,24.0
2025-07-09,24.2
2025-07-10,24.0
2025-07-11,24.333
2025-07-12,24.333
2025-07-13,24.6335
2025-07-14,25.2
2025-07-15,25.8
2025-07-16,26.5
2025-07-17,26.3665
2025-07-18,26.5
2025-07-19,26.5
2025-07-20,26.6335
2025-07-21,26.8
2025-07-22,27.333
2025-07-23,28.2
2025-07-24,29.333
2025-07-25,29.514499999999998
2025-07-26,29.514499999999998
2025-07-27,29.756999999999998
2025-07-28,30.8
2025-07-29,31.6
2025-07-30,33.0
2025-07-31,33.4
2025-08-01,33.667
2025-08-02,33.667
2025-08-03,34.2
2025-08-04,36.0
2025-08-05,37.6
2025-08-06,38.4
2025-08-07,39.3095
2025-08-08,39.8
2025-08-09,39.8
2025-08-10,40.143
2025-08-11,41.1
2025-08-12,41.8
2025-08-13,43.4
2025-08-14,44.0
2025-08-15,44.0
2025-08-16,44.0
2025-08-17,44.0
2025-08-18,46.667
2025-08-19,47.3665
2025-08-20,48.0
2025-08-21,49.143
2025-08-22,49.757
2025-08-23,49.76649999999999
2025-08-24,50.0
2025-08-25,50.333
2025-08-26,52.2
2025-08-27,52.7085
2025-08-28,53.2
2025-08-29,53.0
2025-08-30,53.0
2025-08-31,53.1
2025-09-01,53.9
2025-09-02,56.0
2025-09-03,56.0
2025-09-04,56.25
2025-09-05,56.25
2025-09-06,56.25
2025-09-07,56.25
